{"cameraMode":{"drawMode":0,"name":"Shaded","section":"Shading Mode"},"sceneLighting":false,"audioPlay":false,"sceneViewState":{"m_AlwaysRefresh":false,"showFog":true,"showSkybox":false,"showFlares":true,"showImageEffects":true,"showParticleSystems":true,"showVisualEffectGraphs":true,"m_FxEnabled":true},"in2DMode":false,"pivot":{"x":-84.36904907226563,"y":-34.832313537597659,"z":48.83550262451172},"rotation":{"x":0.1849559247493744,"y":-0.18081717193126679,"z":0.034829992800951007,"w":0.965488612651825},"size":0.10550320148468018,"orthographic":false}