{"cameraMode":{"drawMode":0,"name":"Shaded","section":"Shading Mode"},"sceneLighting":false,"audioPlay":false,"sceneViewState":{"m_AlwaysRefresh":false,"showFog":true,"showSkybox":false,"showFlares":true,"showImageEffects":true,"showParticleSystems":true,"showVisualEffectGraphs":true,"m_FxEnabled":true},"in2DMode":false,"pivot":{"x":-23.521167755126954,"y":3.323287010192871,"z":-7.192500114440918},"rotation":{"x":0.22718459367752076,"y":-0.07054244726896286,"z":0.017320580780506135,"w":0.9713638424873352},"size":1.3996864557266236,"orthographic":false}