{"cameraMode":{"drawMode":0,"name":"Shaded","section":"Shading Mode"},"sceneLighting":true,"audioPlay":false,"sceneViewState":{"m_AlwaysRefresh":false,"showFog":true,"showSkybox":true,"showFlares":true,"showImageEffects":true,"showParticleSystems":true,"showVisualEffectGraphs":true,"m_FxEnabled":true},"in2DMode":false,"pivot":{"x":618.6121215820313,"y":-6.706426620483398,"z":46.205753326416019},"rotation":{"x":0.02510843612253666,"y":-0.9537562131881714,"z":0.2876323461532593,"w":0.08684062212705612},"size":12.513707160949707,"orthographic":false}