{"cameraMode":{"drawMode":0,"name":"Shaded","section":"Shading Mode"},"sceneLighting":true,"audioPlay":false,"sceneViewState":{"m_AlwaysRefresh":false,"showFog":true,"showSkybox":true,"showFlares":true,"showImageEffects":true,"showParticleSystems":true,"showVisualEffectGraphs":true,"m_FxEnabled":true},"in2DMode":false,"pivot":{"x":-58.25907516479492,"y":0.16287553310394288,"z":21.345094680786134},"rotation":{"x":-0.22789430618286134,"y":-0.013413962908089161,"z":0.0010035084560513497,"w":-0.9741672873497009},"size":42.740299224853519,"orthographic":false}