{"cameraMode":{"drawMode":0,"name":"Shaded","section":"Shading Mode"},"sceneLighting":false,"audioPlay":false,"sceneViewState":{"m_AlwaysRefresh":false,"showFog":true,"showSkybox":false,"showFlares":true,"showImageEffects":true,"showParticleSystems":true,"showVisualEffectGraphs":true,"m_FxEnabled":true},"in2DMode":false,"pivot":{"x":-0.25203657150268557,"y":1.3300000429153443,"z":4.400000095367432},"rotation":{"x":0.41901007294654848,"y":0.009003665298223496,"z":-0.003947869408875704,"w":0.9080867171287537},"size":0.12990371882915498,"orthographic":false}