{"cameraMode":{"drawMode":0,"name":"Shaded","section":"Shading Mode"},"sceneLighting":false,"audioPlay":false,"sceneViewState":{"m_AlwaysRefresh":false,"showFog":true,"showSkybox":false,"showFlares":true,"showImageEffects":true,"showParticleSystems":true,"showVisualEffectGraphs":true,"m_FxEnabled":true},"in2DMode":false,"pivot":{"x":7.700000762939453,"y":4.557833671569824,"z":-53.15999984741211},"rotation":{"x":0.22718459367752076,"y":-0.07054244726896286,"z":0.017320580780506135,"w":0.9713638424873352},"size":2.8051321506500246,"orthographic":false}